dm_others,divn,net_sales,amc_period,amc_week,test_metrics,amc_year,dept,class,net_sales_reg,Status
55.9984345375375,12,6.31464633453,5,5,132.343100332,2020,53,335,30.2325353542,Failed
520.99123575575,12,3.13434555455,2,1,135.3432155554332,2021,123,345,76.9675353542,Failed
